account_id,customer_id,account_type,home_city,signup_date
A0001,C10001,personal,Hyderabad,2026-01-12
A0002,C10002,personal,Delhi,2023-10-21
A0003,C10003,personal,Bengaluru,2022-08-02
A0004,C10004,personal,Bengaluru,2025-01-03
A0005,C10005,personal,Mumbai,2022-09-27
A0006,C10006,personal,Coimbatore,2023-05-26
A0007,C10007,personal,Hyderabad,2023-05-10
A0008,C10008,personal,Delhi,2024-10-21
A0009,C10009,personal,Coimbatore,2023-01-03
A0010,C10010,personal,Bengaluru,2023-03-22
A0011,C10011,personal,Kochi,2025-04-13
A0012,C10012,personal,Mumbai,2024-02-07
A0013,C10013,personal,Hyderabad,2023-06-22
A0014,C10014,personal,Pune,2023-07-03
A0015,C10015,personal,Delhi,2024-02-02
A0016,C10016,personal,Mumbai,2025-10-31
A0017,C10017,personal,Pune,2024-05-26
A0018,C10018,personal,Bengaluru,2024-11-05
A0019,C10019,personal,Coimbatore,2026-02-12
A0020,C10020,personal,Bengaluru,2025-02-27
A0021,C10021,personal,Delhi,2025-10-24
A0022,C10022,personal,Mumbai,2023-11-15
A0023,C10023,personal,Delhi,2025-02-11
A0024,C10024,personal,Chennai,2023-06-11
A0025,C10025,personal,Pune,2023-01-04
A0026,C10026,personal,Pune,2024-07-05
A0027,C10027,personal,Pune,2025-03-19
A0028,C10028,personal,Chennai,2023-11-10
A0029,C10029,personal,Mumbai,2024-02-21
A0030,C10030,personal,Coimbatore,2022-11-23
A0031,C10031,personal,Mumbai,2025-05-11
A0032,C10032,personal,Bengaluru,2022-10-07
A0033,C10033,personal,Delhi,2023-07-25
A0034,C10034,personal,Mumbai,2022-10-13
A0035,C10035,personal,Coimbatore,2025-07-09
A0036,C10036,personal,Bengaluru,2026-05-20
A0037,C10037,personal,Chennai,2025-04-15
A0038,C10038,personal,Hyderabad,2024-08-08
A0039,C10039,personal,Chennai,2025-04-27
A0040,C10040,personal,Hyderabad,2023-01-21
A0041,C10041,personal,Kochi,2025-08-12
A0042,C10042,personal,Bengaluru,2024-06-02
A0043,C10043,personal,Coimbatore,2022-10-22
A0044,C10044,personal,Delhi,2025-01-16
A0045,C10045,personal,Bengaluru,2024-07-08
A0046,C10046,personal,Hyderabad,2023-05-12
A0047,C10047,personal,Kochi,2022-12-03
A0048,C10048,personal,Delhi,2024-12-18
A0049,C10049,personal,Pune,2022-11-07
A0050,C10050,personal,Bengaluru,2025-02-20
A0051,C10051,personal,Chennai,2023-06-11
A0052,C10052,personal,Pune,2025-11-10
A0053,C10053,personal,Delhi,2025-07-04
A0054,C10054,personal,Chennai,2024-11-10
A0055,C10055,personal,Pune,2023-02-04
A0056,C10056,personal,Hyderabad,2025-04-15
A0057,C10057,personal,Kochi,2023-02-07
A0058,C10058,personal,Bengaluru,2024-12-18
A0059,C10059,personal,Bengaluru,2023-11-23
A0060,C10060,personal,Hyderabad,2023-10-22
A0061,C10061,personal,Kochi,2025-02-21
A0062,C10062,personal,Hyderabad,2022-12-10
A0063,C10063,personal,Bengaluru,2024-12-13
A0064,C10064,personal,Chennai,2023-09-23
A0065,C10065,personal,Pune,2024-03-18
A0066,C10066,personal,Chennai,2025-01-15
A0067,C10067,personal,Mumbai,2025-05-04
A0068,C10068,personal,Kochi,2026-04-24
A0069,C10069,personal,Kochi,2022-08-23
A0070,C10070,personal,Kochi,2022-10-12
A0071,C10071,personal,Kochi,2025-05-28
A0072,C10072,personal,Mumbai,2024-10-30
A0073,C10073,personal,Kochi,2023-07-19
A0074,C10074,personal,Mumbai,2025-07-28
A0075,C10075,personal,Hyderabad,2023-07-29
A0076,C10076,personal,Delhi,2025-11-09
A0077,C10077,personal,Chennai,2023-02-15
A0078,C10078,personal,Kochi,2024-02-06
A0079,C10079,personal,Delhi,2025-11-20
A0080,C10080,personal,Hyderabad,2025-10-30
A0081,C10081,personal,Pune,2022-08-01
A0082,C10082,personal,Pune,2024-10-28
A0083,C10083,personal,Kochi,2025-09-18
A0084,C10084,personal,Hyderabad,2022-10-15
A0085,C10085,personal,Coimbatore,2026-01-12
A0086,C10086,personal,Pune,2022-07-22
A0087,C10087,personal,Delhi,2024-03-13
A0088,C10088,personal,Kochi,2025-04-08
A0089,C10089,personal,Delhi,2026-04-22
A0090,C10090,personal,Pune,2025-03-17
A0091,C10091,personal,Hyderabad,2024-08-13
A0092,C10092,personal,Chennai,2024-12-15
A0093,C10093,personal,Chennai,2024-10-19
A0094,C10094,personal,Kochi,2025-02-08
A0095,C10095,personal,Pune,2025-07-11
A0096,C10096,personal,Kochi,2023-01-04
A0097,C10097,personal,Hyderabad,2026-05-02
A0098,C10098,personal,Hyderabad,2024-12-23
A0099,C10099,personal,Pune,2023-01-26
A0100,C10100,personal,Pune,2023-11-09
A0101,C10101,personal,Hyderabad,2025-12-02
A0102,C10102,personal,Hyderabad,2025-08-03
A0103,C10103,personal,Coimbatore,2024-12-15
A0104,C10104,personal,Coimbatore,2022-08-02
A0105,C10105,personal,Chennai,2026-03-18
A0106,C10106,personal,Delhi,2025-07-30
A0107,C10107,personal,Coimbatore,2024-08-07
A0108,C10108,personal,Hyderabad,2022-10-23
A0109,C10109,personal,Delhi,2025-10-29
A0110,C10110,personal,Pune,2025-08-22
A0111,C10111,personal,Mumbai,2023-05-10
A0112,C10112,personal,Bengaluru,2024-07-12
A0113,C10113,personal,Pune,2025-09-29
A0114,C10114,personal,Delhi,2025-01-11
A0115,C10115,personal,Bengaluru,2025-07-30
A0116,C10116,personal,Bengaluru,2025-04-14
A0117,C10117,personal,Pune,2025-03-19
A0118,C10118,personal,Delhi,2025-07-16
A0119,C10119,personal,Mumbai,2025-02-22
A0120,C10120,personal,Kochi,2025-06-28
A0121,C10121,personal,Hyderabad,2023-08-26
A0122,C10122,personal,Mumbai,2024-01-24
A0123,C10123,personal,Hyderabad,2022-09-22
A0124,C10124,personal,Pune,2025-04-23
A0125,C10125,personal,Hyderabad,2023-04-01
A0126,C10126,personal,Coimbatore,2025-02-07
A0127,C10127,personal,Pune,2022-10-09
A0128,C10128,personal,Kochi,2025-08-09
A0129,C10129,personal,Mumbai,2025-10-28
A0130,C10130,personal,Mumbai,2025-02-21
A0131,C10131,personal,Hyderabad,2025-05-04
A0132,C10132,personal,Pune,2025-08-04
A0133,C10133,personal,Kochi,2024-11-04
A0134,C10134,personal,Pune,2022-11-01
A0135,C10135,personal,Coimbatore,2023-09-23
A0136,C10136,personal,Hyderabad,2025-08-14
A0137,C10137,personal,Pune,2026-04-14
A0138,C10138,personal,Delhi,2023-09-23
A0139,C10139,personal,Hyderabad,2025-12-08
A0140,C10140,personal,Bengaluru,2024-02-24
A0141,C10141,personal,Bengaluru,2022-10-07
A0142,C10142,personal,Bengaluru,2024-09-22
A0143,C10143,personal,Chennai,2026-05-07
A0144,C10144,personal,Bengaluru,2022-10-14
A0145,C10145,personal,Coimbatore,2024-03-22
A0146,C10146,personal,Chennai,2023-07-27
A0147,C10147,personal,Mumbai,2025-10-25
A0148,C10148,personal,Kochi,2025-02-19
A0149,C10149,personal,Hyderabad,2025-04-09
A0150,C10150,personal,Kochi,2024-06-17
A0151,C10151,personal,Coimbatore,2026-05-29
A0152,C10152,personal,Mumbai,2025-10-01
A0153,C10153,personal,Mumbai,2023-09-30
A0154,C10154,personal,Kochi,2023-02-08
A0155,C10155,personal,Hyderabad,2024-08-18
A0156,C10156,personal,Bengaluru,2026-04-24
A0157,C10157,personal,Mumbai,2024-11-21
A0158,C10158,personal,Pune,2025-07-12
A0159,C10159,personal,Chennai,2024-06-06
A0160,C10160,personal,Bengaluru,2024-06-12
A0161,C10161,personal,Delhi,2023-07-06
A0162,C10162,personal,Kochi,2024-03-22
A0163,C10163,personal,Pune,2025-07-23
A0164,C10164,personal,Bengaluru,2025-02-16
A0165,C10165,personal,Mumbai,2024-11-03
A0166,C10166,personal,Hyderabad,2025-01-20
A0167,C10167,personal,Mumbai,2024-07-21
A0168,C10168,personal,Coimbatore,2023-03-10
A0169,C10169,personal,Delhi,2022-11-15
A0170,C10170,personal,Pune,2025-04-01
A0171,C10171,personal,Hyderabad,2026-01-26
A0172,C10172,personal,Mumbai,2025-05-26
A0173,C10173,personal,Kochi,2024-05-13
A0174,C10174,personal,Mumbai,2023-11-22
A0175,C10175,personal,Mumbai,2023-09-22
A0176,C10176,personal,Chennai,2023-03-09
A0177,C10177,personal,Bengaluru,2025-06-23
A0178,C10178,personal,Mumbai,2025-06-09
A0179,C10179,personal,Chennai,2024-08-31
A0180,C10180,personal,Bengaluru,2022-09-01
A0181,C10181,personal,Hyderabad,2023-01-09
A0182,C10182,personal,Delhi,2026-02-21
A0183,C10183,personal,Mumbai,2025-01-20
A0184,C10184,personal,Chennai,2024-06-08
A0185,C10185,personal,Mumbai,2023-01-28
A0186,C10186,personal,Pune,2024-05-26
A0187,C10187,personal,Hyderabad,2023-01-18
A0188,C10188,personal,Delhi,2022-11-07
A0189,C10189,personal,Bengaluru,2024-07-15
A0190,C10190,personal,Pune,2026-02-12
A0191,C10191,personal,Hyderabad,2024-10-18
A0192,C10192,personal,Bengaluru,2022-08-06
A0193,C10193,personal,Chennai,2022-08-24
A0194,C10194,personal,Pune,2022-07-06
A0195,C10195,personal,Bengaluru,2024-06-10
A0196,C10196,personal,Coimbatore,2025-04-16
A0197,C10197,personal,Pune,2023-12-11
A0198,C10198,personal,Pune,2024-03-30
A0199,C10199,personal,Coimbatore,2023-07-23
A0200,C10200,personal,Bengaluru,2023-10-26
A0201,C10201,personal,Hyderabad,2023-05-15
A0202,C10202,personal,Chennai,2023-05-31
A0203,C10203,personal,Delhi,2025-09-17
A0204,C10204,personal,Mumbai,2024-09-13
A0205,C10205,personal,Pune,2023-09-08
A0206,C10206,personal,Delhi,2022-07-07
A0207,C10207,personal,Delhi,2024-10-12
A0208,C10208,personal,Pune,2022-11-05
A0209,C10209,personal,Delhi,2023-02-21
A0210,C10210,personal,Kochi,2024-11-22
A0211,C10211,personal,Bengaluru,2025-07-11
A0212,C10212,personal,Delhi,2025-07-29
A0213,C10213,personal,Mumbai,2026-02-15
A0214,C10214,personal,Delhi,2023-05-29
A0215,C10215,personal,Pune,2023-04-05
A0216,C10216,personal,Pune,2023-03-05
A0217,C10217,personal,Bengaluru,2023-07-31
A0218,C10218,personal,Mumbai,2025-08-15
A0219,C10219,personal,Hyderabad,2024-12-02
A0220,C10220,personal,Chennai,2025-09-18
A0221,C10221,personal,Hyderabad,2023-07-24
A0222,C10222,personal,Hyderabad,2023-03-07
A0223,C10223,personal,Kochi,2023-08-18
A0224,C10224,personal,Coimbatore,2022-08-31
A0225,C10225,personal,Mumbai,2025-10-30
A0226,C10226,personal,Delhi,2025-04-05
A0227,C10227,personal,Mumbai,2025-03-25
A0228,C10228,personal,Pune,2025-12-21
A0229,C10229,personal,Delhi,2022-07-30
A0230,C10230,personal,Hyderabad,2022-10-17
A0231,C10231,personal,Coimbatore,2023-09-07
A0232,C10232,personal,Hyderabad,2024-10-14
A0233,C10233,personal,Delhi,2025-03-31
A0234,C10234,personal,Pune,2025-05-21
A0235,C10235,personal,Hyderabad,2023-06-17
A0236,C10236,personal,Pune,2024-09-06
A0237,C10237,personal,Kochi,2025-10-09
A0238,C10238,personal,Kochi,2026-01-01
A0239,C10239,personal,Delhi,2023-11-07
A0240,C10240,personal,Kochi,2022-07-13
A0241,C10241,personal,Kochi,2024-11-08
A0242,C10242,personal,Pune,2024-11-29
A0243,C10243,personal,Delhi,2023-11-18
A0244,C10244,personal,Mumbai,2023-11-14
A0245,C10245,personal,Coimbatore,2024-03-08
A0246,C10246,personal,Coimbatore,2026-02-07
A0247,C10247,personal,Mumbai,2025-09-23
A0248,C10248,personal,Kochi,2023-08-09
A0249,C10249,personal,Pune,2025-07-30
A0250,C10250,personal,Bengaluru,2024-06-28
A0251,C10251,personal,Hyderabad,2023-04-03
A0252,C10252,personal,Delhi,2026-02-07
A0253,C10253,personal,Bengaluru,2023-01-07
A0254,C10254,personal,Hyderabad,2022-08-23
A0255,C10255,personal,Hyderabad,2024-03-13
A0256,C10256,personal,Mumbai,2025-10-31
A0257,C10257,personal,Chennai,2022-11-20
A0258,C10258,personal,Chennai,2022-10-08
A0259,C10259,personal,Bengaluru,2024-02-02
A0260,C10260,personal,Hyderabad,2025-07-05
A0261,C10261,personal,Chennai,2025-10-12
A0262,C10262,personal,Kochi,2024-08-15
A0263,C10263,personal,Mumbai,2024-05-06
A0264,C10264,personal,Hyderabad,2023-11-08
A0265,C10265,personal,Chennai,2026-04-21
A0266,C10266,personal,Chennai,2025-10-19
A0267,C10267,personal,Kochi,2024-02-14
A0268,C10268,personal,Mumbai,2026-05-13
A0269,C10269,personal,Kochi,2023-05-05
A0270,C10270,personal,Mumbai,2024-10-19
A0271,C10271,personal,Mumbai,2022-10-18
A0272,C10272,personal,Chennai,2022-07-17
A0273,C10273,personal,Mumbai,2024-07-30
A0274,C10274,personal,Hyderabad,2024-10-16
A0275,C10275,personal,Bengaluru,2022-10-29
A0276,C10276,personal,Pune,2022-09-14
A0277,C10277,personal,Delhi,2024-09-09
A0278,C10278,personal,Hyderabad,2022-11-23
A0279,C10279,personal,Pune,2023-04-20
A0280,C10280,personal,Mumbai,2025-05-04
A0281,C10281,personal,Mumbai,2025-03-28
A0282,C10282,personal,Delhi,2025-08-10
A0283,C10283,personal,Mumbai,2026-01-19
A0284,C10284,personal,Pune,2022-06-27
A0285,C10285,personal,Hyderabad,2025-04-18
A0286,C10286,personal,Pune,2023-08-16
A0287,C10287,personal,Hyderabad,2023-06-22
A0288,C10288,personal,Pune,2025-02-18
A0289,C10289,personal,Hyderabad,2022-10-26
A0290,C10290,personal,Delhi,2024-01-14
A0291,C10291,personal,Kochi,2022-09-24
A0292,C10292,personal,Mumbai,2022-11-13
A0293,C10293,personal,Pune,2022-11-15
A0294,C10294,personal,Chennai,2024-09-22
A0295,C10295,personal,Delhi,2026-01-24
A0296,C10296,personal,Hyderabad,2024-02-22
A0297,C10297,personal,Mumbai,2023-11-17
A0298,C10298,personal,Pune,2023-02-04
A0299,C10299,personal,Mumbai,2023-12-17
A0300,C10300,personal,Pune,2026-04-18
A0301,C10301,personal,Hyderabad,2022-09-18
A0302,C10302,personal,Coimbatore,2025-10-03
A0303,C10303,personal,Coimbatore,2025-03-02
A0304,C10304,personal,Delhi,2024-11-19
A0305,C10305,personal,Pune,2025-08-01
A0306,C10306,personal,Coimbatore,2022-07-10
A0307,C10307,personal,Mumbai,2025-04-06
A0308,C10308,personal,Pune,2026-03-03
A0309,C10309,personal,Mumbai,2025-09-14
A0310,C10310,personal,Kochi,2024-08-04
A0311,C10311,personal,Delhi,2026-01-28
A0312,C10312,personal,Pune,2025-09-20
A0313,C10313,personal,Kochi,2025-09-05
A0314,C10314,personal,Chennai,2025-02-08
A0315,C10315,personal,Mumbai,2025-04-13
A0316,C10316,personal,Chennai,2023-04-06
A0317,C10317,personal,Bengaluru,2024-04-16
A0318,C10318,personal,Hyderabad,2024-12-10
A0319,C10319,personal,Mumbai,2026-03-06
A0320,C10320,personal,Pune,2025-07-23
A0321,C10321,personal,Mumbai,2024-08-27
A0322,C10322,personal,Kochi,2025-12-05
A0323,C10323,personal,Kochi,2025-06-26
A0324,C10324,personal,Bengaluru,2023-01-10
A0325,C10325,personal,Bengaluru,2023-05-02
A0326,C10326,personal,Hyderabad,2024-09-20
A0327,C10327,personal,Kochi,2023-02-23
A0328,C10328,personal,Pune,2023-01-01
A0329,C10329,personal,Chennai,2025-05-02
A0330,C10330,personal,Delhi,2023-05-15
A0331,C10331,personal,Pune,2025-07-17
A0332,C10332,personal,Kochi,2023-03-24
A0333,C10333,personal,Mumbai,2024-02-04
A0334,C10334,personal,Chennai,2024-09-22
A0335,C10335,personal,Coimbatore,2026-04-28
A0336,C10336,personal,Kochi,2023-02-12
A0337,C10337,personal,Kochi,2022-10-24
A0338,C10338,personal,Bengaluru,2025-08-09
A0339,C10339,personal,Hyderabad,2022-12-18
A0340,C10340,personal,Mumbai,2025-02-09
A0341,C10341,personal,Bengaluru,2024-05-14
A0342,C10342,personal,Pune,2026-03-11
A0343,C10343,personal,Mumbai,2025-07-12
A0344,C10344,personal,Coimbatore,2023-06-12
A0345,C10345,personal,Pune,2025-10-15
A0346,C10346,personal,Mumbai,2025-06-09
A0347,C10347,personal,Mumbai,2025-01-04
A0348,C10348,personal,Kochi,2023-02-20
A0349,C10349,personal,Delhi,2025-11-18
A0350,C10350,personal,Chennai,2023-03-14
A0351,C10351,personal,Bengaluru,2025-12-30
A0352,C10352,personal,Hyderabad,2023-02-09
A0353,C10353,personal,Bengaluru,2023-07-16
A0354,C10354,personal,Hyderabad,2022-08-30
A0355,C10355,personal,Hyderabad,2025-08-09
A0356,C10356,personal,Kochi,2024-04-13
A0357,C10357,personal,Chennai,2024-03-08
A0358,C10358,personal,Pune,2024-10-11
A0359,C10359,personal,Coimbatore,2024-05-07
A0360,C10360,personal,Chennai,2024-06-06
A0361,C10361,personal,Hyderabad,2025-09-05
A0362,C10362,personal,Chennai,2023-07-20
A0363,C10363,personal,Bengaluru,2026-03-06
A0364,C10364,personal,Bengaluru,2024-07-30
A0365,C10365,personal,Chennai,2024-05-23
A0366,C10366,personal,Hyderabad,2024-09-09
A0367,C10367,personal,Delhi,2024-05-07
A0368,C10368,personal,Delhi,2022-08-24
A0369,C10369,personal,Mumbai,2025-11-17
A0370,C10370,personal,Mumbai,2022-12-15
A0371,C10371,personal,Hyderabad,2026-04-16
A0372,C10372,personal,Hyderabad,2022-07-28
A0373,C10373,personal,Bengaluru,2025-12-19
A0374,C10374,personal,Hyderabad,2025-04-16
A0375,C10375,personal,Kochi,2024-02-28
A0376,C10376,personal,Kochi,2024-05-18
A0377,C10377,personal,Pune,2022-11-02
A0378,C10378,personal,Bengaluru,2024-04-26
A0379,C10379,personal,Delhi,2025-11-11
A0380,C10380,personal,Bengaluru,2024-12-25
A0381,C10381,personal,Coimbatore,2024-08-23
A0382,C10382,personal,Kochi,2023-10-12
A0383,C10383,personal,Kochi,2024-05-01
A0384,C10384,personal,Bengaluru,2024-04-06
A0385,C10385,personal,Pune,2024-01-15
A0386,C10386,personal,Chennai,2024-06-25
A0387,C10387,personal,Chennai,2024-08-01
A0388,C10388,personal,Pune,2026-03-24
A0389,C10389,personal,Kochi,2023-01-28
A0390,C10390,personal,Coimbatore,2025-06-24
A0391,C10391,personal,Mumbai,2023-01-31
A0392,C10392,personal,Chennai,2026-03-05
A0393,C10393,personal,Kochi,2024-11-01
A0394,C10394,personal,Bengaluru,2026-05-11
A0395,C10395,personal,Pune,2023-02-07
A0396,C10396,personal,Chennai,2025-02-13
A0397,C10397,personal,Bengaluru,2024-01-27
A0398,C10398,personal,Mumbai,2022-09-10
A0399,C10399,personal,Hyderabad,2023-12-14
A0400,C10400,personal,Bengaluru,2022-12-04
A0401,C10401,personal,Hyderabad,2023-04-19
A0402,C10402,personal,Coimbatore,2022-07-03
A0403,C10403,personal,Kochi,2022-09-06
A0404,C10404,personal,Bengaluru,2025-02-10
A0405,C10405,personal,Coimbatore,2023-06-25
A0406,C10406,personal,Delhi,2024-10-11
A0407,C10407,personal,Pune,2023-05-08
A0408,C10408,personal,Coimbatore,2023-12-26
A0409,C10409,personal,Bengaluru,2026-04-23
A0410,C10410,personal,Bengaluru,2024-07-03
A0411,C10411,personal,Kochi,2024-09-14
A0412,C10412,personal,Chennai,2022-12-08
A0413,C10413,personal,Hyderabad,2025-02-05
A0414,C10414,personal,Delhi,2022-07-14
A0415,C10415,personal,Pune,2023-10-10
A0416,C10416,personal,Coimbatore,2024-06-03
A0417,C10417,personal,Mumbai,2025-10-23
A0418,C10418,personal,Delhi,2025-09-07
A0419,C10419,personal,Mumbai,2026-04-20
A0420,C10420,personal,Coimbatore,2023-11-10
A0421,C10421,personal,Mumbai,2023-06-13
A0422,C10422,personal,Delhi,2023-10-28
A0423,C10423,personal,Mumbai,2025-07-22
A0424,C10424,personal,Coimbatore,2024-05-27
A0425,C10425,personal,Chennai,2022-07-01
A0426,C10426,personal,Kochi,2025-08-25
A0427,C10427,personal,Mumbai,2025-07-10
A0428,C10428,personal,Delhi,2022-08-18
A0429,C10429,personal,Bengaluru,2025-04-21
A0430,C10430,personal,Kochi,2024-06-10
A0431,C10431,personal,Bengaluru,2026-03-26
A0432,C10432,personal,Hyderabad,2023-06-30
A0433,C10433,personal,Delhi,2024-07-19
A0434,C10434,personal,Mumbai,2023-03-13
A0435,C10435,personal,Hyderabad,2023-02-18
A0436,C10436,personal,Delhi,2025-03-31
A0437,C10437,personal,Mumbai,2026-05-11
A0438,C10438,personal,Delhi,2023-08-17
A0439,C10439,personal,Hyderabad,2026-04-15
A0440,C10440,personal,Hyderabad,2025-05-04
A0441,C10441,personal,Bengaluru,2024-04-28
A0442,C10442,personal,Hyderabad,2023-11-05
A0443,C10443,personal,Mumbai,2025-05-18
A0444,C10444,personal,Pune,2025-12-28
A0445,C10445,personal,Pune,2023-01-02
A0446,C10446,personal,Kochi,2023-10-22
A0447,C10447,personal,Bengaluru,2026-01-27
A0448,C10448,personal,Delhi,2023-10-29
A0449,C10449,personal,Mumbai,2023-05-22
A0450,C10450,personal,Coimbatore,2023-08-15
A0451,C10451,personal,Delhi,2022-10-15
A0452,C10452,personal,Coimbatore,2024-05-01
A0453,C10453,personal,Delhi,2025-12-27
A0454,C10454,personal,Chennai,2023-08-12
A0455,C10455,personal,Coimbatore,2025-05-24
A0456,C10456,personal,Kochi,2023-11-02
A0457,C10457,personal,Pune,2025-12-27
A0458,C10458,personal,Chennai,2025-03-10
A0459,C10459,personal,Hyderabad,2025-02-19
A0460,C10460,personal,Hyderabad,2024-07-27
A0461,C10461,personal,Kochi,2024-10-24
A0462,C10462,personal,Pune,2024-07-16
A0463,C10463,personal,Kochi,2024-08-21
A0464,C10464,personal,Chennai,2024-01-27
A0465,C10465,personal,Chennai,2024-03-18
A0466,C10466,personal,Bengaluru,2024-07-23
A0467,C10467,personal,Delhi,2023-03-09
A0468,C10468,personal,Hyderabad,2023-07-04
A0469,C10469,personal,Pune,2022-10-15
A0470,C10470,personal,Kochi,2023-02-13
A0471,C10471,personal,Coimbatore,2023-01-11
A0472,C10472,personal,Coimbatore,2024-04-12
A0473,C10473,personal,Bengaluru,2023-08-08
A0474,C10474,personal,Pune,2025-10-10
A0475,C10475,personal,Bengaluru,2023-07-04
A0476,C10476,personal,Coimbatore,2026-05-03
A0477,C10477,personal,Chennai,2024-09-28
A0478,C10478,personal,Pune,2024-01-03
A0479,C10479,personal,Mumbai,2024-01-26
A0480,C10480,personal,Pune,2024-10-31
A0481,C10481,personal,Mumbai,2023-02-03
A0482,C10482,personal,Mumbai,2024-07-06
A0483,C10483,personal,Bengaluru,2026-02-02
A0484,C10484,personal,Hyderabad,2024-07-01
A0485,C10485,personal,Bengaluru,2024-09-02
A0486,C10486,personal,Hyderabad,2025-07-31
A0487,C10487,personal,Kochi,2023-08-12
A0488,C10488,personal,Pune,2024-01-17
A0489,C10489,personal,Coimbatore,2024-04-28
A0490,C10490,personal,Hyderabad,2022-10-01
A0491,C10491,personal,Chennai,2022-10-03
A0492,C10492,personal,Delhi,2023-12-15
A0493,C10493,personal,Kochi,2022-11-27
A0494,C10494,personal,Chennai,2025-07-05
A0495,C10495,personal,Mumbai,2024-05-11
A0496,C10496,personal,Hyderabad,2024-07-25
A0497,C10497,personal,Pune,2023-12-27
A0498,C10498,personal,Chennai,2023-07-31
A0499,C10499,personal,Coimbatore,2024-10-19
A0500,C10500,personal,Bengaluru,2024-04-22
A0501,C10501,personal,Coimbatore,2023-05-22
A0502,C10502,personal,Bengaluru,2024-08-25
A0503,C10503,personal,Mumbai,2026-05-29
A0504,C10504,personal,Bengaluru,2025-04-23
A0505,C10505,personal,Coimbatore,2025-01-20
A0506,C10506,personal,Delhi,2022-10-01
A0507,C10507,personal,Chennai,2026-05-10
A0508,C10508,personal,Bengaluru,2024-08-07
A0509,C10509,personal,Coimbatore,2022-10-31
A0510,C10510,personal,Delhi,2026-04-07
A0511,C10511,personal,Pune,2024-01-14
A0512,C10512,personal,Mumbai,2024-03-15
A0513,C10513,personal,Delhi,2022-12-06
A0514,C10514,personal,Coimbatore,2026-04-24
A0515,C10515,personal,Bengaluru,2024-06-15
A0516,C10516,personal,Mumbai,2025-03-19
A0517,C10517,personal,Bengaluru,2024-01-17
A0518,C10518,personal,Chennai,2024-09-20
A0519,C10519,personal,Hyderabad,2022-08-13
A0520,C10520,personal,Delhi,2022-08-04
A0521,C10521,business,Pune,2024-05-26
A0522,C10522,business,Hyderabad,2023-12-09
A0523,C10523,business,Delhi,2025-04-26
A0524,C10524,business,Coimbatore,2026-04-24
A0525,C10525,business,Bengaluru,2022-11-19
A0526,C10526,business,Mumbai,2025-08-20
A0527,C10527,business,Kochi,2022-10-13
A0528,C10528,business,Chennai,2026-05-01
A0529,C10529,business,Delhi,2024-08-05
A0530,C10530,business,Delhi,2025-06-08
A0531,C10531,business,Bengaluru,2023-08-19
A0532,C10532,business,Coimbatore,2025-11-05
A0533,C10533,business,Chennai,2024-09-01
A0534,C10534,business,Kochi,2024-09-18
A0535,C10535,business,Coimbatore,2023-08-25
A0536,C10536,business,Delhi,2022-08-17
A0537,C10537,business,Mumbai,2023-04-22
A0538,C10538,business,Hyderabad,2022-09-28
A0539,C10539,business,Hyderabad,2024-07-12
A0540,C10540,business,Delhi,2023-01-02
A0541,C10541,business,Coimbatore,2023-04-16
A0542,C10542,business,Mumbai,2022-10-14
A0543,C10543,business,Bengaluru,2025-11-25
A0544,C10544,business,Hyderabad,2024-12-02
A0545,C10545,business,Bengaluru,2024-10-29
A0546,C10546,business,Hyderabad,2023-04-14
A0547,C10547,business,Delhi,2026-05-17
A0548,C10548,personal,Coimbatore,2026-07-05
A0549,C10549,personal,Chennai,2026-05-26
A0550,C10550,personal,Kochi,2026-07-01
A0551,C10551,personal,Chennai,2026-07-14
A0552,C10552,personal,Coimbatore,2026-06-29
A0553,C10553,personal,Bengaluru,2026-07-09
A0554,C10554,personal,Mumbai,2026-06-18
A0555,C10555,personal,Delhi,2026-07-03
A0556,C10556,personal,Hyderabad,2026-07-17
A0557,C10557,personal,Kochi,2026-06-26
A0558,C10558,personal,Pune,2026-06-19
A0559,C10559,personal,Chennai,2026-06-21
A0560,C10560,personal,Coimbatore,2026-07-07
A0561,C10561,personal,Bengaluru,2026-08-24
A0562,C10562,personal,Pune,2026-08-24
A0563,C10563,personal,Pune,2026-08-21
A0564,C10564,personal,Kochi,2026-08-19
A0565,C10565,personal,Pune,2026-08-21
A0566,C10566,personal,Bengaluru,2026-08-20
A0567,C10567,personal,Kochi,2026-08-20
A0568,C10568,personal,Coimbatore,2026-08-21
